ID,Info,en,fi,sv,ma
tasksView.title,,Tasks,Tehtävät,Uppgiften,
tasksTableHeader.taskName,,Task name,Nimi,Uppgiftens namn,
tasksTableHeader.category,,Type,Tyyppi,Typ,
tasksTableHeader.status,,Status,Tila,Status,
tasksTableHeader.dueDate,,Due date,Eräpäivä,Deadline,
tasksTableHeader.priority,,Priority,Prioriteetti,Prioritet,
tasksTableHeader.assigned,,Assigned to,Käsittelijä,Hanterare,
tasksTableAction.editTask,,Edit task,Muokkaa tehtävää,Redigera uppgiften,
tasksTableAction.deleteTask,,Delete task,Poista tehtävää,Ta bort uppgift,
taskPriority.low,,Low,Ei kiireellinen,Inte bråttom,
taskPriority.normal,,Normal,Normaali,Normal,
taskPriority.high,,High,Kiire,Brådskande,
taskDialog.priority,,Priority,Prioriteetti,Prioritet,
taskDialog.subject,,Subject,Aihe,Ämne,
taskDialog.description,,Description,Asiakkaan tiedot,Kundupgifter,
taskDialog.dueDate,,Due date,Eräpäivä,Deadline,
taskDialog.assignedTo,,Assigned to,Käsittelijä ryhmä,Hanteraregrupp,
taskDialog.assignedUser,,User,Käyttäjä,Användare,
taskDialog.status,,Status,Tila,Status,
taskDialog.task,,Task,Tehtävä,Uppgiften,
taskDialog.category,,Type,Tyyppi,Typ,
taskDialog.source,,Source,Lähde,Källa,
task.priority.low,,Low,Ei kiireellinen,Inte bråttom,
task.priority.normal,,Normal,Normaali,Normal,
task.priority.high,,High,Kiire,Brådskande,
task.status.new,,New,Uusi,Nya,
task.status.open,,Open,Käsittelyssä,Läsning,
task.status.completed,,Completed,Tehty,Redo,
task.status.rejected,,Rejected,Hylätty,Övergiven,
task.form.review,,View completed form,Katso täytetty lomake,Review form,
task.form.feedback.manage,,Manage feedback,Hallita palautetta,Manage feedback,
task.created,,Created,Luotu,Skapad,
task.updated,,Updated,Päivitetty,Uppdaterad,
comments,,Comments,Kommentit,Meddelanden,
task.comments.external.createTask,,Create task before adding external comments,Luo tehtävä ennen ulkoisten kommenttien lisäämistä,Skapa uppgift innan du lägger till externa kommentarer,
task.comments.internal.createTask,,Create task before adding internal comments,Luo tehtävä ennen sisäisten kommenttien lisäämistä,Skapa uppgift innan du lägger till interna kommentarer,
task.attachments.createTask,,Create task before uploading attachments,Luo tehtävä ennen liitteiden lataamista,Skapa uppgift innan du laddar upp bilagor,
internalComments,,Internal comments,Sisäiset kommentit,Interna kommentarer,
externalComments,,External comments,Julkiset kommentit,Kundmeddelanden,
comment.store,,Save,Tallenna,Spara,
comment.add,,Add comment,Lisää kommentti,Skriv en kommentar,
comment.addInternal,,Add internal comment,Lisää sisäinen kommentti,Skriva en intern kommentar,
comment.addExternal,,Add public comment,Lähetä asiakkaalle viesti,Skriva ett meddelande till kunden,
comment.reply,,Reply,Vastaa,Ansvar,
taskButton.addTask,,Add task,Lisää tehtävä,Mer uppgift,
taskButton.refresh,,Check for new tasks,Tarkista uudet tehtävät,Sök efter nya uppgifter,
taskButton.accept,,Accept,Hyväksy,Acceptera,
taskButton.cancel,,Close,Takaisin,Avbryt,
table.body.emptyDataSourceMessage,,No data,Ei dataa,Ingen data,
table.body.filterRow.filterTooltip,,Filter,Suodatin,Filtrera,
table.body.deleteTooltip,,Delete,Poista,Radera,
table.body.editRow.deleteText,,Are you sure you want to delete this task?,Haluatko varmasti poistaa tämän tehtävän?,Är du säker på att du vill radera den här uppgiften?,
table.body.editRow.cancelTask,,Cancel,Peruuta,Avbryt,
table.body.editRow.saveTask,,Confirm,Tallenna,Spara,
table.header.actions,,,,,
table.pagination.labelDisplayedRows,,{from}-{to} of {count},{from}-{to} / {count},{from}-{to} av {count},
table.pagination.labelRowsPerPage,,Rows per page:,Riviä per sivu:,Rader per sida:,
table.pagination.firstPage,,First page,Ensimmäinen sivu,Första sidan,
table.pagination.previousPage,,Previous page,Edellinen,Färegående,
table.pagination.nextPage,,Next page,Seuraava,Nästa,
table.pagination.lastPage,,Last page,Viimeinen sivu,Sista sidan,
table.toolbar.search,,Search,Etsi,Söka,
table.toolbar.showColumnsTitle,,Show columns,Show columns,Show columns,
table.toolbar.addRemoveColumns,,Add or remove columns,Add or remove columns,Add or remove columns,
taskLink.title,,Task link,Lomake,Uppgiften link,
taskLink.button.open,,View related data,Asiakkaan antamat tiedot,Uppgifter som kunden lämnat,
taskLink.pdf.open,,PDF,PDF,PDF,
explorer.title,,Public feedback,Public feedback,Public feedback,
explorer.login,,Log in,Kirjaudu sisään,Logga in,
locale.fi,,Suomi,Suomi,Finska,
locale.sv,,Svenska,Ruotsi,Svenska,
locale.en,,English,Englanti,Engelska,
app.logout,,Log out,Kirjaudu ulos,Logga ut,
app.login,,Log in,Kirjaudu sisään,Logga in,
app.feedback,,Feedback,Palaute,Respons,
main.articles.all,,All Articles,,,
main.links.all,,All Links,,
main.services.all,,All Services,,
main.flows.all,,All Flows,,
main.debug,,Debug,,
main.compare,,Compare,,
main.decisions.all,,All Decisions,,
menu.dashboard,,Dashboard,Kojelauta,Grunduppgifter,
menu.profile,,Profile,Käyttäjän profiili,Användarens profil,
menu.tasks,,Tasks,Tasks,Tasks,
menu.evaluations,,Questionnaires,Kyselyt,Förfrågningar,
menu.forms,,Dialob,Dialob,Dialob,
menu.queues,,Queues,Queues,Queues,
menu.users,,Users,Käyttäjät,Användare,
menu.help,,Help,Ohjeet,Anvisningar,
menu.flow,,Wrench,Wrench,Wrench,
menu.processes,,Monitoring,Monitorointi,Övervakning,
menu.reports,,Reports,Raportointi,Rapportering,
menu.workflows,,Stencil services,Konfigurointi,Konfigurera,
menu.logout,,Log out,Kirjaudu ulos,Logga ut,
menu.workflowTags,,Workflow tags,Versiointi,Arbetsflödestaggar,
menu.publications,,Publications,Julkaisut,Offentliggörande,
menu.services,,Services,Palvelut,Tjänster,
menu.content,,Stencil,Stencil,Stencil,
menu.calendar,,Calendar,Kalenteri,Kalender,
menu.feedback,,Feedback,Palaute,Feedback,
menu.compose,,Compose,,
menu.pages,,Pages,,
menu.articles,,Articles,,
menu.links,,Links,,
menu.locales,,Languages,,
menu.migrations,,Migrations,,
menu.templates,,Templates,,
menu.flows,,Flows,,
menu.decisions,,Decisions,,
menu.debug,,Debug,,
menu.releases,,Releases,,
menu.compare,,Compare,,
front.intro.title,,Welcome!,Tervetuloa!,Välkommen!,
profile.title,,User Profile,Käyttäjän profiili,Användarprofil,
profile.user.name,,Name:,Nimi:,Namn:,
profile.user.email,,e-mail:,Sähköposti:,e-post:,
profile.user.role,,Role:,Rooli:,Roll:,
profile.user.phone,,Phone:,Puhelin:,Telefon:,
profile.app.version,,Application version:,Sovellusversio:,Applikationsversion:,
button.cancel,,Cancel,Cancel,Cancel,
button.delete,,Delete this feedback,Delete this feedback,,
button.delete.template,,Delete this template,,
button.delete.link,,Delete this link,,
button.delete.article,,Delete this article,,
button.delete.page,,Delete this page,
button.unpublish,,Unpublish this feedback,,,
button.update,,Update,Update,,
button.publish,,Publish,Publish,Publish,
button.accept,,Accept,Hyväksy,Acceptera,
button.edit,,Edit,Avaa,Öppna,
button.close,,Close,Sulje,Stäng,
button.reject,,Reject,Hylkää,Avslå,
button.send,,Send,Lähetä,Skicka,
button.dismiss,,Dismiss,Sulje,Stäng,
button.editRoles,,Edit,Muokkaa,Redigera,
button.select,,Select,Valita,Select,
error.minTextLength,,Value should be at least {minLength} characters long,Annetun arvon pitää olla vähintään {minLength} merkkiä,Texten måste vara minst {minLength} tecken lång.,
error.maxTextLength,,Value should be no more than {max} characters long,Annetun arvon tulee olla enintään {max} merkkiä pitkä,Texten måste vara max {max} tecken lång.,
error.valueRequired,,Value required,Vaaditaan,Nödvändig,
error.title,,Error!,Virhe!,Fel!,
error.dialob.session,,"Questionnaire cannot be opened at this moment, please try again later",Lomaketta ei voida aukaista juuri nyt. Yritä uudelleen myöhemmin,Blanketten kan inte öppnas just nu. Vänligen försök på nytt senare,
error.errorLoadingData,,Error during data loading,Error during data loading,Fel då försöker ladda data,
error.unauthorized.title,,Missing access role,Käyttöoikeutesi ovat puutteelliset,Du saknar rättighet till tjänsten,
error.unauthorized.text,,Contact your system administrator to check your role,Ota yhteyttä IT-palveluihin lähettämällä tukipyyntö Tiketin kautta -> Jätä tukipyyntö -> Kirjautumisongelma.,Tag kontakt med IT genom att göra en Tiket: Rapportera IT problem -> Problem med inloggning.,
error.unauthorizedAccess,,Missing access role,Käyttöoikeutesi ovat puutteelliset,Du saknar rättighet till tjänsten,
error.dataAccess,,Error during data loading,Virhe toiminnassa,Fel vid drift,
error.statusOpenError,,Required when status is open,Required when status is open,Required when status is open,
error.workflowCreation,,"Error on workflow creation, check worflow name for duplicates","Virhe konfiguroinnissa, tarkista nimen yksilöllisyys","Error on workflow creation, check worflow name for duplicates",
table.body.addTooltip,,Add,Lisää,Lägg till,
table.body.editTooltip,,Edit,Avaa,Öppna,
table.body.editRow.deleteMessage,,Are you sure you want to delete this?,Halutko varmasti poistaa tämän?,Är du säker på att du vill radera detta?,
workflowTable.title,,Stencil services,Kokoonpano,Sammansättning,
workflowTableHeader.name,,Name,Nimi,Namn,
workflowTableHeader.formName,,Form,Lomake,Blankett,
workflowTableHeader.flowName,,Flow,Prosessi,Process,
workflowTableHeader.updated,,Updated,Päivitetty,Uppdaterad,
workflowTable.addButton,,New workflow,Lisää uusi,Lägg till ny,
workflowTable.editButton,,Edit workflow,Muokka,Editera,
workflow.dialogTitle,,Stencil service,Työnkulku,Nytt arbetsflöde,
workflow.name,,Name,Nimi,Namn,
workflow.form.formName,,Form name,Lomakkeen nimi,Blankettens namn,
workflow.form.formTag,,Form tag,Lomakkeen versio,Blankettens version,
workflow.flowName,,Flow name,Prosessi,Process,
processTable.title,,Stencil service execution history,Työt,Arbeten,
processTableHeader.workflow,,Stencil service name,Tyyppi,Typ,
processTableHeader.user,,User id,Käyttäjä,Användare,
processTableHeader.status,,Status,Tila,Status,
processTableHeader.created,,Created,Luotu,Skapad,
processTableHeader.questionnaireId,,Questionnaire,Lomake,Blankett,
process.status.ANSWERED,,Answered,Lähetetty,Skickad,
process.status.CREATED,,Created,Luotu,Skapad,
process.status.ANSWERING,,Answering,Keskeneräinen,På hälft,
process.status.IN_PROGRESS,,In progress,Käsittelyssä,Under arbete,
process.status.WAITING,,Waiting,Odottaa,Väntar,
process.status.COMPLETED,,Completed,Valmis,Färdig,
process.status.REJECTED,,Rejected,Hylätty,Avslagen,
comment.button,,Send comment,Anna palautetta,Ge respons,
comment.title,,Send comment,Anna palautetta,Ge respons,
comment.form.email,,E-mail,Sähköposti,E-post,
comment.form.feedbackType,,Type,Tyyppi,Typ,
comment.form.body,,Message,Viesti,Meddelande,
comment.type.general,,General,Anna palautetta,Ge respons,
comment.type.propose,,Propose,Ehdota uutta palvelua,Föreslå ny tjänst,
comment.type.contact,,Contact me,Ota yhteyttä,Tag kontakt,
comment.submitted.success,,Thank you for your feedback!,Kiitos palautteesta!,Tack för din respons!,
comment.submitted.failure,,Comment submission failed!,Lähetys epäonnistui,Överföringen lyckades inte!,
spoTasksTableHeader.taskName,,Task name,Nimi,Uppgiftens namn,
spoTasksTableHeader.category,,Type,Tyyppi,Typ,
spoTasksTableHeader.status,,Status,Tila,Status,
spoTasksTableHeader.priority,,Priority,Prioriteetti,Prioritet,
spoTasksTableHeader.dueDate,,Due date,Eräpäivä,Förfallodag,
spoTasksTableHeader.assigned,,Assigned to,Käsittelijä,Hanterare,
spoTasksTableHeader.assignedUser,,User,Käyttäjä,Användare,
spoTasksTableHeader.created,,Created,Luotu,Ankomnstdatum,
spoTasksTableHeader.clientName,,Client,Asiakas,Kund,
taskDialog.clientIdentificator,,Client name,Asiakas,Kundens namn,
taskDialog.assignedUserEmail,,User\'s email,Käyttäjän sähköposti,Användarens e-post,
task.editRoles,,Task groups,Tehtäväryhmät,Arbetsgrupper,
Questionnaire,,Questionnaire,Lomake,Blankett,
Manual,,Manual,Manuaalinen,Manuellt,
Protected,,Protected,Suojattu,Skyddad,
Normal,,Normal,Normaali,Normalt,
Represented,,Represented,Valtuutetu,Representerade,
CustomerCreated,,Customer created,Asiakas luotu,Kund skapad,
Internal,,Internal,Sisäinen,Intern,
task.role.assignedAllUsers,,All users,Kaikki käyttäjät,Alla användare,
task.feedback.published,,Published reply,Julkaistu vastaus,Publicerat svar,
confirm.close.title,,Confirmation required,Vahvistus vaaditaan,Bekräftelse krävs,
confirm.unsavedChanges,,"Unsaved changes will be lost, do you want to continue?",Tallentamattomat muutokset menetetään. Haluatko jatkaa?,"Osparade ändringar kommer att gå förlorade, vill du fortsätta?",
task.statistics.statusCount,,By status,Tilan mukaan,Efter status,
task.statistics.priorityCount,,By priority,Prioriteetin mukaan,Efter prioritet,
task.statistics.daily,,Daily,Päivittäin,Dagligen,
task.statistics.overdue,,Overdue,Myöhässä,Försenad,
feedback.button,,Send feedback,Lähetä palautetta,Skicka respons,
feedback.thanks,,Thank you for your feedback!,Kiitos palautteestasi!,Tack för din respons!,
feedback.create.title,,Create public reply to customer feedback,Create public reply to customer feedback,Create public reply to customer feedback,
feedback.title,,Public reply to customer feedback,Public reply to customer feedback,Public reply to customer feedback,
feedback.update.title,,Edit public reply to customer feedback,Edit public reply to customer feedback,Edit public reply to customer feedback,
feedback.description,,Description,Kuvaus,Beskrivning,
feedback.name,,Your name,Nimesi,Ditt namn,
feedback.sendScreenshot,,Send screenshot,Lähetä ruutukaappaus,Skicka en skärmdump,
feedback.close,,Close,Peru,Avbryt,
feedback.send,,Send,Lähetä,Skicka,
feedback.category,,Category,Category,Category,
feedback.subCategory,,Subcategory,Subcategory,Subcategory,
feedback.myReply,,Reply to customer,Reply to customer,Reply to customer,
feedback.noFeedback.info1,,No reply to publish!,No reply to publish!,No reply to publish!,
feedback.noFeedback.info2,,"Please send an external comment to customer, then you can publish the external comment.","Please send an external comment to customer, then you can publish the external comment.","Please send an external comment to customer, then you can publish the external comment.",
feedback.customerFeedback,,Customer feedback,Customer feedback,Customer feedback,
feedback.customerApprovals,,Customer approvals,Customer approvals,Customer approvals,
feedback.sourceTaskId,,Source task id,Source task id,Source task id,
feedback.formName,,Form name,Form name,Form name,
feedback.dateReceived,,Date received from customer,Date received from customer,Date received from customer,
feedback.createdBy,,Created by,Created by,Created by,
feedback.updatedBy,,Updated by,Updated by,Updated by,
feedback.updated,,Last updated,Last updated,Last updated,
feedback.notPublished,,This feedback is not published,This feedback is not published,This feedback is not published,
feedback.isPublished,,This feedback is published and publicly viewable,This feedback is published and publicly viewable,This feedback is published and publicly viewable,
help.title,,Help,Ohjeet,Anvisningar,
attachmentView.title,,Attachments,Liitetiedostoja,Attachments,
attachmentTableHeader.size,,Size,Koko,Size,
attachmentTableHeader.updated,,Updated,Päivitetty,Updated,
attachmentTableHeader.created,,Created,Luotu,Created,
attachmentTableHeader.name,,Name,Nimi,Name,
attachmentButton.addAttachment,,Add file,Lisää tiedosto,Add file,
attachmentButton.downloadAttachment,,Download file,Lataa tiedosto,Download file,
attachment.uploadOk,,File {fileName} uploaded,Tiedosto {fileName} ladattu,File {fileName} uploaded,
attachment.uploadFailed,,File {fileName} upload failed!,tiedoston {fileName} lataaminen epäonnistui!,File {fileName} upload failed!,
workflowReleaseTable.title,,Workflow release tags,Kokoonpano,Workflow release,
workflowReleaseTableHeader.name,,Name,Nimi,Name,
workflowReleaseTableHeader.description,,Description,Kuvaus,Description,
workflowReleaseTableHeader.updatedBy,,Updater,Päivittäjä,Updater,
workflowReleaseTableHeader.updated,,Updated,Päivitetty,Updated,
workflowReleaseTable.addButton,,Add,Lisää uusi,Add,
workflowReleaseTable.viewButton,,View,Katso,View,
workflowReleaseTable.exportButton,,Export,Lataa,Export,
workflowRelease.dialogTitle,,Workflow release,Työnkulun julkaisu,View workflow release,
workflowRelease.name,,Release name,Nimi,Release name,
workflowRelease.description,,Description,Kuvaus,Description,
workflowRelease.releaseCreationFailed,,"Workflow tag creation failed, cause: {cause}","Palveluversion luominen epäonnistui, syy: {cause}","Workflow tag creation failed, cause: {cause}",
publicationsTable.title,,Publications,Julkaisut,Release,
publicationsTableHeader.name,,Release name,Tunniste,Release name,
publicationsTableHeader.description,,Description,Kuvaus,Description,
publicationsTableHeader.createdBy,,User,Päivittäjä,User,
publicationsTableHeader.created,,Created,Luotu,Created,
publicationsTableHeader.contentTag,,Content tag,Sisältöversio,Content tag,
publicationsTableHeader.workflowTag,,Workflow tag,Palveluversio,Workflow tag,
publicationsTableHeader.wrenchTag,,Wrench tag,Prosessiversio,Wrench tag,
publicationsTableHeader.liveDate,,Live date,,,
publicationsTable.addButton,,Add,Lisää uusi,Add,
publicationsTable.viewButton,,View,Katso,View,
publicationsTable.exportButton,,Export,Lataa,Export,
publicationsTable.uploadButton,,Upload,,,
publications.external,,This is externally configured deployment and will be in effect when there are no other deployments,,,
publications.changeStatus,,Modify deployment status,,,
publications.currentStatus,,Current status of deployment,,,
publications.remove,,Remove deployment,,,
publications.deploy,,Deploy now,,,
publications.dialogTitle,,Create new Publication,Julkaisu,Release,
publications.name,,Release name,Tunniste,Release name,
publications.description,,Description,Kuvaus,Description,
publications.workflowTag,,Workflow tag,Palveluversio,Workflow tag,
publications.wrenchTag,,Wrench tag,Prosessiversio,Wrench tag,
publications.contentTag,,Content tag,Sisältöversio,Content tag,
publications.createNewTag,,"Create new tag \""{tag}\""","Luo uusi versio \""{tag}\""","Create new tag \""{tag}\""",
publications.downloadFailed,,"Release download failed, cause: {cause}","Julkaisun lataus epäonnistui, syy: {cause}","Release download failed, cause: {cause}",
publications.tagCreationFailed,,"Release creation failed, cause: {cause}","Julkaisun luominen epäonnistui, syy: {cause}","Release creation failed, cause: {cause}",
dialobForms.dialog.heading,,Forms,Lomakkeet,Forms,
dialobForms.table.tooltip.add,,Add,Lisää,Add,
dialobForms.table.label,,ID,Nimi,ID,
dialobForms.table.created,,Created,Luotu,Created,
dialobForms.table.lastSaved,,Updated,Päivitetty,Updated,
dialobForms.table.tooltip.edit,,Edit,Muokkaa,Edit,
dialobForms.dialog.emptyTitle,,-,-,-,
dialobForms.table.tooltip.copy,,Copy,Kopio,Copy,
dialobForms.table.tooltip.delete,,Remove,Poista,Remove,
dialobForm.saveFailed,,Saving failed,Tallennus epäonnistui,Saving failed,
dialobForm.downloadFailed,,Saving failed,Tallennus epäonnistui,Saving failed,
dialobForm.deleteFailed,,Remove failed,Poisto epäonnistui,Remove failed,
dialobForm.heading.copyDialog,,Copy,Kopio lomake,Copy,
dialobForm.heading.addDialog,,Add,Lisää lomake,Add,
dialobForm.dialog.formName,,ID,ID,ID,
dialobForm.dialog.formLabel,,Name,Nimi,Name,
dialobForm.error.invalidFormName,,Incorrect ID,Väärä ID,Incorrect ID,
dialobForm.dialog.deleteQuestion,,"Do you want to remove form \""{formName}\""?","Haluatko poistaa lomakkeen \""{formName}\""?","Do you want to remove form \""{formName}\""?",
dialobForm.heading.deleteDialog,,Remove form,Lomakkeen poisto,Remove form,
dialobForm.review.title,,Form review,Lomakkeen tarkistus,Form review,
feedback.notenabled,,Feedback is not enabled for this task,Feedback is not enabled for this task,Feedback is not enabled for this task,
pages,,Pages,Sivut,,
articles,,Articles,Artikkelit,,
locale,,Locale,Sijainti,,
locales,,Site Languages,Sijainnit,,
tag,,Tag,Merkintä,,
links,,Links,Linkit,,
releases,,Releases,Julkaisut,,
options,,Options,Valinnat,,
value,,Value,Arvo,,
date,,Date,Päiväys,,
order,,Order,Järjestys,,
description,,Description,Kuvaus,,
name,,Name,Nimi,,
delete,,Delete,Poista,,
download,,Download JSON,Lataa JSON,,
disable,,Disable,Poista käytöstä,,
status,,Status,Status,,
created,,Created,Luotu,,
modified,,Modified,Muokattu,,
rename,,Rename,Nimeä uudelleen,,
reorder,,Re-order,Järjestä uudelleen,,
remove,,Remove,Irrota,,
site.content.empty,,Site has no content! Create content before making a release!,,,
composer.select.article,,Select Article,Valitse artikkelit,,
search.field.placeholder,,Enter search keyword,,,
search.results.title,,Search results,,,
search.field.label,,Search,,,
search.all,,All,,,
search.articles,,Articles,,,
search.services,,Services,,,
search.links,,Links,,,
search.templates,,Templates,,,
activities.title,,Activities,,,
activities.desc,,"Create, view, and navigate site resources",,,
activities.article.title,,Article,,,
activities.article.desc,,"An Article is like a category: It groups Pages, Links, and Services together under one roof.",,,
activities.locale.title,,Locale,,,
activities.locale.desc,,"Locales are your languages: Add, activate, and deactivate sitewide locales here. You can add a Page in a specific language if you have defined a locale for that page.",,,
activities.page.title,,Page,,,
activities.page.desc,,A Page is one content file within an Article. It represents one language and any links / workflows that are associated with an Article. It is written using Markdown syntax.,,,
activities.link.title,,Hyperlink,,,
activities.link.desc,,"A Hyperlink will connect users to webpages you own, webpages of other organisations, and your telephone numbers.",,,
activities.release.title,,Release,,,
activities.release.desc,,"A Release is a snapshot of all site content at one certain point of time. Use this for testing, prouduction, or backup purposes.",,,
activities.migration.title,,Migration,,,
migration.create,,Migrate data,,,
activities.migration.desc,,Use a JSON file to perform a migration of a site.,,,
activities.templates.title,,Templates,,,
activities.templates.desc,,Use templates to customise and standardise a page default Markdown content and/or structure. Templates can be applied to new pages upon creation. Not implemented yet!,,,
activities.version.composer,,"Composer: build version {version}, build date {date}",,,
activities.version.core,,"Core: build version {version}, build date {date}",,,
templates,,Templates,,,
template.name,,Name,,,
template.name.desc,,User-given name for this template,,,
template.create,,Create template,,,
template.edit,,Edit Template,,,
template.type,,Template type,,,
template.page,,Page template,,,
template.page.desc,,This template can be applied to a new page upon creation of that page.,,,
template.description,,Write templates in Markdown to apply to your pages and content. Templates help speed up your development and unify your content structure.,,,
template.desc,,Description,,,
template.description.desc,,Additional information to help identify the use cases of this template,,,
template.delete,,Delete template,,,
template.delete.message,,This template will be permanently removed from the application,,,
template.newpage.none,,None,,,
templates.templatesview.description,,A new Page can be created from a Template,,,
templates.intro,,Remember to use a Markdown Level 1 Heading (# My Heading 1) when composing your templates.,,,
services,,Services,,,
services.create,,Create service,,,
services.desc,,Connect your forms and other integrations to your content with the Wrench and Dialob workflows,,,
services.add,,Add a service,,,
services.change,,Change existing services,,,
services.edit,,Edit service,,,
services.technicalname,,User given unique service name,,,
services.technicalname.description,,Workflow descriptive name,,,
services.selected,,Selected services,,,
services.devmode.helper,,"If Development mode is active, this service will only appear in the development environment for testing. It will not be included in production releases.",,,
services.devmode,,Development mode,,,
services.anonmode.helper,,"If anonymous mode is active, this service will appear for BOTH anonymous and authenticated users.",,,
services.anonmode,,Anonymous mode,,,
services.flowName,,Flow name,,,
services.flowName.description,,Flow name as defined in the Wrench,,,
services.formName,,Dialob form name,,,
services.formName.description,,Name of Dialob form used in service,,,
services.formTag,,Dialob form tag,,,
services.formTag.description,,Tag name for Dialob form used in service,,,
services.startdate,,Start date and time,,,
services.startdate.description,,Service activation date and time,,,
services.enddate,,End date and time,,,
services.enddate.description,,Service activation ending date and time,,,
services.delete,,Delete service,,,
services.delete.desc,,"Deleting this service will permanently remove it from the application, and all associations with Articles/Pages will be lost.",,,
snack.article.createdMessage,,Article created successfully,,,
snack.article.deletedMessage,,Article deleted,,,
snack.article.editedMessage,,Article changes saved,,,
snack.page.createdMessage,,Page created successfully,,,
snack.page.deletedMessage,,Page deleted,,,
snack.page.savedMessage,,Page changes saved,,,
snack.page.missingTitle,,Please add a title to {locale} in {articleName},,,
snack.link.createdMessage,,Link created successfully,,,
snack.link.deletedMessage,,Link deleted,,,
snack.link.editedMessage,,Link changes saved,,,
snack.link.addedMessage,,Link added to article,,,
snack.link.removedMessage,,Link removed from article,,,
snack.workflow.createdMessage,,Service created successfully,,,
snack.workflow.deletedMessage,,Service deleted,,,
snack.workflow.editedMessage,,Service changes saved,,,
snack.workflow.addedMessage,,Service added to article,,,
snack.workflow.removedMessage,,Service removed from article,,,
snack.locale.createdMessage,,Locale created successfully,,,
snack.locale.deletedMessage,,Locale deleted,,,
snack.locale.editedMessage,,Locale changes saved,,,
snack.locale.enabled,,Locale enabled,,,
snack.locale.disabled,,Locale disabled,,,
snack.template.createdMessage,,Template created successfully,,,
snack.template.deletedMessage,,Template deleted,,,
snack.template.editedMessage,,Template changes saved,,,
snack.release.createdMessage,,Release created successfully,,,
snack.release.deletedMessage,,Release deleted,,,
snack.migration.createdMessage,,Site data updated,,,
toolbar.search,,Search,,,
toolbar.save,,Save,,,
toolbar.stencil,,Stencil,,,
toolbar.wrench,,Wrench,,,
toolbar.menu,,Menu,,,
toolbar.activities,,Activities,,,
toolbar.help,,Help,Tuki,,
toolbar.services,,Services,,,
toolbar.import,,Import data,Tuo dataa,,
toolbar.tasks,,Tasks,,,
link.type.internal,,Internal,Sisäinen (domainin sisällä),,
link.type.external,,External,Ulkoinen (domainin ulkopuolella),,
link.type.phone,,Phone number,Puhelinnumero,,
link.search.title,,Search links by value,,,
link.value,,Link value,,,
sitelocale.label.select.alreadyDefined,,Cannot add because this locale is already defined,,,
sitelocale.label.table.editLocaleValue,,Edit locale value,,,
locales.label.table.title,,Locale labels,,,
locales.label.title.helper,,At least one language code (locale) + locale label value is required,,,
locales.label.table.value,,Locale label values,,,
locales.enabledMessage,,Enabled: Content for this locale will be displayed on the portal side,,,
locales.disabledMessage,,Disabled: Content for this locale will be hidden from the portal side. Content can still be edited.,,,
transferlist.noItemsSelected,,No items selected,,,
transferlist.search,,Search,,,
transferlist.noSearchResults,,No search results found,,,
explorer.tabs.search,,search,,,
explorer.tabs.articles,,Articles,,,
explorer.tabs.links,,Links,,,
explorer.tabs.services,,services,,,
imports,,Imports,Tuotu sisältö,,
imports.select,,Select a file to import,Valitse tuotava tiedosto,,
imports.import.action,,Import selected,Tuonti valittu,,
article.order,,Article order number,,,
article.order.view,,View current Article ordering hierarchy,,,
article.select,,Select Articles,,,
article.links.selectedlinks,,Selected links,,,
article.composer.title,,Create new Article,Luo uusi artikkeli,,
article.composer.parent,,Parent Article,Emoartikkeli,,
article.parent.helper,,"If a Parent article is selected, this article will live inside this parent, like a file inside a folder does.",,,
article.composer.parent.unselected,,No parent article,Ei valittu,,
article.create,,Create article,Luo artikkeli,,
article.name,,Article name,Artikkelin nimi,,
article.delete.title,,Delete article,Poista tämä artikkeli pysyvästi?,,
article.delete.description,,Deleting this article will remove it and its associated pages globally from the application.,Artikkelin poistaminen poistaa sen ja siihen yhdistetyt sivut koko sovelluksesta.,,
article.edit.title,,Edit article,Muokkaa artikkelia,,
article.edit.parent,,Parent article,Emoartikkeli,,
article.edit.orderhelper,,Three-digit number for ordering purposes,Kolmenumeroinen luku järjestelyyn,,
article.devmode.helper,,"If Development mode is active, this article will only appear in the development environment for testing. It will not be included in production releases.",,,
article.devmode,,Development mode,,,
articleservices,,Article services: {name},,,
articlelinks,,Article links: {name},,,
article.composer.orderhelper,,"The lower the number, the higher up this article will appear in your portal UI Topic Menu.  Example: 000 will be the first Topic menu item, while 999 will be the last.",Numero valikon järjestelyyn,,
allarticles,,Select all articles,,,
allarticles.individual,,De-select all articles,,,
add.allarticles.link.help,,This link will be added to (or removed from) all articles. Any previous link-article associations will be lost once this change has been applied,,,
add.allarticles.service.help,,This service will be added to (or removed from) all articles. Any previous service-article associations will be lost once this change has been applied.,,,
button.create,,Create,Luo,,
button.add,,Add,Lisää,,
button.disable,,Continue and disable,Jatka ja poista käytöstä,,
button.enable,,Continue and enable,Jatka ja salli käyttö,,
button.remove,,Continue and remove,Jatka ja irrota,,
button.apply,,Apply changes,Salli muutokset ja jatka,,
button.releasegraph,,Graph,,,
button.view.all.locales,,View locales,Näytä kaikki sijainnit,,
button.view.all.releases,,View releases,Näytä kaikki julkaisut,,
button.view.all.templates,,View templates,,,
links.message,,Expand rows to view Link - Article associations,Suurenna rivejä tarkastellaksesi linkki-artikkeli yhteyksiä,,
links.searchAll,,Search all links,,,
link.article.add.title,,Add link to an Article,Lisää linkki artikkeliin,,
link.article.select,,Select Article,Valitse artikkeli,,
link.type,,Type,Tyyppi,,
link.url,,URL / value,URL / arvo,,
link.locale.all,,All locales,Kaikki sijainnit,,
link.content,,Link URL / path,Linkki URL / reitti,,
link.composer.title,,Create a new link,Luo uusi linkki,,
link.composer.descriptionlabel,,Description,Kuvaus,,
link.composer.descriptionhelper,,Text that the user will see,"Teksti, jonka käyttäjä näkee",,
link.composer.valuehelper,,URL / path of link (http://www.example.com),URL / linkin reitti (http://www.example.com),,
link.edit.title,,Edit link,Muokkaa linkkiä,,
link.delete.title,,Delete link,Poista linkki pysyvästi?,,
link.delete,,"Deleting this link will permanently remove it from the application, and all associations with Articles/Pages will be lost.",Linkin poistaminen poistaa sen lopullisesti koko sovelluksesta ja sen kaikki yhteydet artikkeleihin/sivuihin menetetään.,,
link.removepage.title,,Remove this link?,Irrota tämä linkki?,,
link.removepage,,"Removing the link only removes its association with this article. To delete this item permanently, click the Delete icon.","Linkin irrottaminen poistaa vain sen yhteyden tähän artikkeliin. Poistaaksesi kohteen pysyvästi, valitse \Poista\"".""",,
link.options,,Link options,Linkkivalinnat,,
link.options.add,,Add links to article,Lisää artikkeliin linkkejä,,
resource.edit.links,,Edit links,Lisää ja poista artikkelilinkkejä,,
links.change,,Change existing links,,,
link.create,,Create new link,Luo linkki,,
link.devmode.helper,,"If Development mode is active, this link will only appear in the development environment for testing. It will not be included in production releases.",,,
link.devmode,,Development mode,,,
locale.create,,Create locale,Luo sijainti,,
locale.disable.title,,Disable this locale?,Poista sijainti käytöstä?,,
locale.enable.title,,Enable this locale?,Salli sijainnin käyttö?,,
locale.disable,,Any Pages using this locale will be hidden on the UI. Pages can still be edited.,Kaikki tätä sijaintia käyttävät sivut ovat käyttöliittymässä piilossa. Sivuja voidaan edelleen muokata.,,
locale.enable,,All Pages using this locale will be displayed on the UI.,Kaikki tätä sijaintia käyttävät sivut ovat esillä käyttöliittymässä.,,
locale.composer.title,,Create a new locale,Luo uusi sijainti,,
locale.composer.placeholder,,Two-letter language code,,,
locale.composer.helper,,"Two-letter language codes designate the content language. Common examples: en = English, fi = Finnish, sv = Swedish",Kaksikirjaiminen sijaintitunniste,,
locale.overview,,Locale usage overview,Sijainnin käytön yhteenveto,,
locales.overview.description,,Manage the languages of your site content. Disable locales to hide all content associated with that language from your site,,
locales.content,,Page in this locale has content,Tässä sijainnissa olevalla sivulla on sisältöä,,
locales.nocontent,,Page in this locale has no content,Tässä sijainnissa olevalla sivulla ei ole sisältöä,,
locales.nopage,,There is no page for this locale in this Article,Tällä sijainnilla ei ole sivua tässä artikkelissa,,
locales.label.table.locale,,Language code,,,
newpage.title,,Create a new page,Luo uusi sivu,,
newpage.info,,A page consists of localised content and must be associated with an Article.,Sivu koostuu paikannetusta sisällöstä ja sen tulee olla yhdistetty artikkeliin.,,
newpage.article.info,,Confirm creation of page for: {article} with locale: {locale},Vahvista sivun luominen artikkelille: {article} sijainnilla: {locale},,
page.create,,Create page,Luo sivu,,
page.delete.dialog.title,,Delete a page from article: ,,
page.delete.description,,The selected page and all of its content will be permanently removed from your site,,
pages.save,,Save pages,Tallenna sivut,,
pages.add,,Add a page,Lisää sivu,,
pages.change,,Change a page locale,Muuta sivun sijaintia,,
pages.change.info,,Select a page from this Article and enter a new value for its locale.,Valitse sivu tästä artikkelista ja anna uusi arvo sen sijainnille.,,
pages.change.devmode,,Change a page\'s development mode,,,
pages.change.devmode.info,,Select a page from this Article and change its development mode.,,,
pages.devmode.helper,,"If Development mode is active, this page will only appear in the development environment for testing. It will not be included in production releases.",,,
pages.devmode,,Development mode,,,
pages.delete,,Delete a page,Poista sivu,,
pages.delete.message,,Select a page to delete from this Article.,Valitse artikkelista poistettava sivu.,,
pages.options,,Page options,Sivuvalinnat,,
pages.edit.selectpage,,Select page,Select page,,
pages.edit.selectTargetLocale,,Select target locale,Select target locale,,
release.create,,Create release,Luo julkaisu,,
release.composer.title,,Create a new release,Luo uusi julkaisu,,
release.composer.label,,Tag Name,Merkinnän nimi,,
release.composer.note,,Note,Note,,
release.composer.helper,,Optional additional information for future reference,Valinnainen lisätieto tulevaa käyttöä varten,,
release.desc,,"View all releases and download all site content in JSON format. For more detailed information on specific releases and their content, view the Graph.",,,
release.delete.title,,Delete release,,,
release.delete.desc,,Delete this release permanently from site data?,,,
releases.view.note,,Notes,,,
releases.view.tag,,Name,,,
releases.view.created,,Created,,,
releases.view.download,,JSON download,,,
buttons.create,,Create,,,
buttons.apply,,Apply,,,
buttons.delete,,Delete,,,
buttons.copy,,Copy,,,
buttons.download,,Download,,,
content.loading,,loading,,,
explorer.tabs.flows,,flows,,,
explorer.tabs.decisions,,decisions,,,
explorer.active.branch,,Active branch: {name},,,
explorer.active.branch.default,,default,,,
activities.flows.title,,Flows,,,
activities.flows.desc,,A a sequence of tasks which are defined by using simple configuration language.,,,
activities.decisions.title,,Decisions,,,
activities.decisions.desc,,A decision table that can be used to make decisions based on input data.,,,
activities.services.title,,Services,,,
activities.services.desc,,A piece of Java or Groovy code that is embedded inside of a flow as a task.,,,
activities.releases.title,,Releases,,,
activities.releases.desc,,A Release is a snapshot of all site content at one certain point of time.,,,
activities.releases.desc.additional,,"Each Release can be downloaded to be used for production or backup purposes, or can be branched for further editing. This will replace all current assets so make sure any changes are saved.",,,
activities.releases.view,,View all releases,,,
activities.releases.graph,,Graph,,,
activities.compare.title,,Compare,,,
activities.compare.desc,,Compare two releases to see what has changed between them.,,,
activities.compare.view,,Compare,,,
activities.templates.view,,View all templates,,,
activities.debug.title,,Debug,,,
activities.debug.desc,,"Simulate execution of an asset. Can be done via form input, JSON input, or by using a CSV file.",,,
activities.debug.view,,Simulate,,,
activities.assets.saveSuccess,,Saved asset: {name},,,
programs.error.title,,Program error,,,
programs.warning.title,,Program warning,,,
flows,,Flows,,,
migrations.title,,Migration,,,
migrations.create,,Perform migration,,,
migrations.select,,Select tag.json file,,,
flows.edit.title,,Edit flow,,,
flows.copyas.title,,Copy flow as,,,
flows.delete.title,,Delete flow,,,
flows.delete.error.title,,Failed to delete flow,,,
flows.delete.content,,Are you sure you want to delete FLOW: {name}?,,,
flows.deleted.message,,Deleted FLOW: {name},,,
flows.simulate.title,,Debug the flow,,,
flows.composer.title,,Create new FLOW,,,
flows.composer.copyTitle,,Copy FLOW as,,,
flows.composer.createdMessage,,Created FLOW: {name},,,
flows.composer.copiedMessage,,Copied FLOW {name} as: {newName},,,
flows.composer.errorsTitle,,Failed to create FLOW,,,
flows.composer.assetName,,Unique name for the FLOW,,,
flows.autocomplete.task.create,,Create new asset,,,
flows.autocomplete.task.link,,Link selected asset,,,
flows.autocomplete.task.searchField,,Search for asset...,,,
flows.autocomplete.task.searchPlaceholder,,Asset name or description,,,
flows.autocomplete.task.selectType,,Select asset type to link,,,
flows.autocomplete.task.searchHelper,,Matches asset name and description,,,
flows.autocomplete.task.searchResults,,Search results,,,
flows.autocomplete.task,,Add existing asset or create new one,,,
flows.autocomplete.task.snackbar.created,,Created new {type}: {name},,,
flows.autocomplete.task.snackbar.creating,,Creating new {type}: {name},,,
flows.graph.show,,Show flow graph,,,
flows.graph.hide,,Hide flow graph,,,
services.searchAll,,Search all services,,,
services.edit.title,,Edit service,,,
services.copyas.title,,Copy service as,,,
services.delete.title,,Delete service,,,
services.delete.error.title,,Failed to delete SERVICE,,,
services.delete.content,,Are you sure you want to delete SERVICE: {name}?,,,
services.deleted.message,,Deleted SERVICE: {name},,,
services.simulate.title,,Debug the service,,,
services.composer.title,,Create new SERVICE,,,
services.composer.copyTitle,,Copy SERVICE as,,,
services.composer.createdMessage,,Created SERVICE: {name},,,
services.composer.copiedMessage,,Copied SERVICE {name} as: {newName},,,
services.composer.errorsTitle,,Failed to create SERVICE,,,
services.composer.assetName,,Unique name for the SERVICE,,,
decisions.name,,Name,,,
decisions.desc,,Description,,,
decisions.simulate.title,,Debug the decision,,,
decisions.hitpolicy,,Hit-policy,,,
decisions.edit.title,,Edit decision,,,
decisions.copyas.title,,Copy decision as,,,
decisions.delete.error.title,,Failed to delete DECISION,,,
decisions.delete.title,,Delete decision,,,
decisions.delete.content,,Are you sure you want to delete DECISION: {name}?,,,
decisions.deleted.message,,Deleted DECISION: {name},,,
decisions.table.hitpolicy,,Matches,,,
decisions.table.options,,Options,,,
decisions.composer.title,,Create new DECISION,,,
decisions.composer.copyTitle,,Copy DECISION as,,,
decisions.composer.createdMessage,,Created DECISION: {name},,,
decisions.composer.copiedMessage,,Copied DECISION {name} as: {newName},,,
decisions.composer.errorsTitle,,Failed to create DECISION,,,
decisions.composer.assetName,,Unique name for the DECISION,,,
decisions.toolbar.addInputColumn,,Add input column,,,
decisions.toolbar.addOutputColumn,,Add output column,,,
decisions.toolbar.addRow,,Add row,,,
decisions.toolbar.csvDownload,,"Download CSV, with separator \';\'",,,
decisions.toolbar.csvUpload,,"Upload CSV, with separator \';\'",,,
decisions.toolbar.nameAndHitpolicy,,Name and hit-policy,,,
decisions.toolbar.organize.rows.columns,,Organize rows and columns,,,
decisions.toolbar.organize.action,,Select action,,,
decisions.toolbar.organize.action.helper,,Move column or row based on name/index,,,
decisions.toolbar.organize.action.expression,,Select expression,,,
decisions.toolbar.organize.action.expression.column,,Select column,,,
decisions.toolbar.organize.action.deleteColumn,,Delete whole column,,,
decisions.toolbar.organize.action.deleteRow,,Delete whole row,,,
decisions.toolbar.organize.action.deleteRow.contents,,Row contents,,,
decisions.toolbar.organize.action.move.from.column,,Column to move,,,
decisions.toolbar.organize.action.move.from.row,,Row to move,,,
decisions.toolbar.organize.action.move.to.column,,New Position,,,
decisions.toolbar.organize.action.move.to.row,,New Position,,,
decisions.table.inputs.title,,Matching rules,,,
decisions.table.outputs.title,,Results,,,
decisions.header.dialog.title,,"Decision table: {name}, column: {column}",,,
decisions.cells.dialog.title,,"Decision table: {name}, column: {column}, value: {value}",,,
decisions.cells.newvalue.boolean,,Enter new value,,,
decisions.cells.newvalue.boolean.helper,,Select boolean value,,,
decisions.cells.newvalue.boolean.empty,,No value selected,,,
decisions.cells.newvalue.date.operator,,Operator,,,
decisions.cells.newvalue.date.start,,Start date,,,
decisions.cells.newvalue.date.end,,End date,,,
decisions.cells.newvalue.date.value,,Date,,,
decisions.cells.newvalue.number.comparisonType,,Comparison,,,
decisions.cells.newvalue.number.comparisonTypeEmpty,,Comparison not selected,,,
decisions.cells.newvalue.number.comparisonValue,,New numerical value,,,
decisions.cells.newvalue.number.comparisonToRange,,Change to range,,,
decisions.cells.newvalue.number.rangeStart,,Start,,,
decisions.cells.newvalue.number.rangeEnd,,End,,,
decisions.cells.newvalue.number.value,,New numerical value,,,
decisions.cells.newvalue.number.rangeIncluded,,Included,,,
decisions.cells.newvalue.number.rangeToComparison,,Change to comparison,,,
decisions.cells.newvalue.string.comparisonType,,Comparison,,,
decisions.cells.newvalue.string.addValue,,Add new value,,,
decisions.cells.newvalue.string.available,,Available values,,,
decisions.cells.newvalue.string.selected,,Selected values,,,
decisions.cells.newvalue.string.empty,,Comparison not selected,,,
decisions.cells.newvalue.clear,,Clear current value,,,
decisions.valueSet,,Define value set,,,
decisions.valueSet.description,,Value sets can be used to define a predetermined set of values for any input,,,
decisions.valueSet.add,,Add to value set,,,
decisions.valueSet.remove,,Remove from value set,,,
decisions.valueSet.current,,Current value set,,,
decisions.valueSet.empty,,Value set is empty,,,
dt.header.name,,Name,,,
dt.header.delete,,Delete,,,
dt.header.expression,,Expression,,,
dt.header.dataType,,Data type,,,
dt.header.script,,Script,,,
decisions,,Decisions,,,
program.status.DEPENDENCY_ERROR,,Dependency Errors,,,
program.status.UP,,Program is UP,,,
program.status.AST_ERROR,,Syntax errors,,,
program.status.PROGRAM_ERROR,,Compiler errors,,,
package.explorer.flows,,flows,,,
package.explorer.servicetasks,,services,,,
package.explorer.decisiontables,,decisions,,,
dialog.addtype.title,,Add new asset,,,
dialog.addtype.button.cancel,,Cancel,,,
dialog.addtype.button.confirm,,Create,,,
dialog.addtype.error.unique,,Asset name must be unique!,,,
dialog.addtype.error.filled,,Asset name must be filled!,,,
dialog.addtype.input.serviceType,,Asset type,,,
dialog.addtype.input.name,,Asset name,,,
dialog.copyas.title,,Copy asset,,,
dialog.copyas.button.cancel,,Cancel,,,
dialog.copyas.button.confirm,,Copy,,,
dialog.copyas.input.from,,Copy from,,,
dialog.copyas.input.to,,New asset name,,,
dialog.copyas.error.unique,,Asset name must be unique!,,,
dialog.copyas.error.filled,,Asset name must be filled!,,,
dialog.save.title,,Save asset: {name},,,
dialog.save.content,,Are you sure you want to save?,,,
dialog.save.errors,,Failed to save asset,,,
dialog.save.button.cancel,,Cancel,,,
dialog.save.button.confirm,,Save,,,
release.delete.content,,Are you sure you want to delete release: {name},,,
release.delete.error.title,,Error deleting release,,,
release.deleted.message,,Release {name} deleted,,,
releases.composer.createdMessage,,Created new release {name},,,
releases.view.action,,Action,,,
releases.composer.title,,Create new release,,,
releases.composer.assetName,,Release name,,,
releases.composer.assetDesc,,Release description,,,
releases.composer.errorsTitle,,Error while creating release,,,
releases.table.title,,Releases and Branches,,,
releases.table.column.name,,Name,,,
releases.table.column.message,,Message,,,
releases.table.column.created,,Created,,,
releases.table.name,,All releases,,,
releases.add.error.unique,,Release must be unique!,,,
releases.add.error.filled,,Release name must be filled!,,,
releases.add.input.name,,Name,,,
releases.add.input.msg,,Comment,,,
releases.add.button.create,,Create Release,,,
releases.button.compare,,Compare,,,
releases.button.branch,,Create new branch,,,
releases.button.checkout,,Checkout,,,
releases.button.release,,Release,,,
releases.button.details,,View release assets,,,
releases.default.name,,default,,,
releases.default.note,,This is the default branch that you can go back to,,,
releases.latest.name,,latest,,,
releases.latest.note,,These are current assets with the latest changes that can be released,,,
releases.details.title,,Release assets: {name},,,
branch.delete.title,,Delete branch,,,
branch.delete.content,,Are you sure you want to delete branch: {name},,,
branch.delete.error.title,,Error deleting branch,,,
release.branch.creating,,Creating new branch: {name},,,
release.branch.created,,Created new branch: {name},,,
release.branch.deleting,,Deleting branch: {name},,,
release.branch.deleted,,Deleted branch: {name},,,
release.branch.checkout,,Checked out to branch: {name},,,
debug.toolbar.options,,Options,,,
debug.toolbar.selectAsset,,Select asset to debug,,,
debug.toolbar.inputCsv,,Define input data as a CSV,,,
debug.toolbar.inputForm,,Define input data as a FORM,,,
debug.toolbar.inputJson,,Define input data as a JSON,,,
debug.toolbar.execute,,Execute,,,
debug.toolbar.noAsset,,Select asset from options,,,
debug.toolbar.openAsset,,Open,,,
debug.toolbar.download,,Download results as CSV,,,
debug.input.noAsset,,There is no ASSET selected,,,
debug.input.form,,Debug using FORM,,,
debug.input.formTitle,,Define inputs,,,
debug.input.form.invalid.integer,,Value must be an integer,,,
debug.input.form.invalid.number,,Value must be a number,,,
debug.input.form.invalid.range,,Value must be in the specified range,,,
debug.input.json,,Debug using JSON,,,
debug.input.jsonTitle,,Define JSON input,,,
debug.input.csvUpload,,Debug using CSV,,,
debug.input.csvFile,,Upload CSV FILE,,,
debug.input.csvFileTitle,,Upload CSV file - semicolon-delimited (;),,,
debug.input.csvFileOrText,,Or paste CSV contents - semicolon-delimited (;),,,
debug.inputs.fieldName,,Field Name,,,
debug.inputs.fieldValue,,Field Value,,,
debug.select.title,,Select asset to debug,,,
debug.select.assetType,,Asset type to filter,,,
debug.select.searchField,,Asset name to search,,,
debug.select.searchHelper,,Search matches asset name or description,,,
debug.select.searchPlaceholder,,Keyword to search,,,
debug.select.searchResults,,Found assets,,,
debug.select.confirm,,Select,,,
debug.inputs.format,,Asset input format: {type},,,
debug.asset.select.label,,Asset to debug,,,
debug.asset.select.clear,,Clear run data,,,
debug.asset.select.execute,,Execute asset,,,
debug.asset.execute.inputs,,Debug inputs,,,
debug.asset.execute.errors,,Execution errors,,,
debug.asset.execute.outputs.dt.json,,Matched row(s),,,
debug.asset.execute.outputs.dt.rejects,,Rejected row(s),,,
debug.asset.execute.outputs.dt.rejects.order,,Execution order,,,
debug.asset.execute.outputs.flow.step,,"Step name: {name}, status: {status}",,,
debug.csv.row,,Data row: {row},,,
debug.csv.download,,Download results as CSV,,,
debug.csv.download.delimiter,,Choose a delimiter for the CSV file,,,
debug.csv.download.delimiter.semicolon,,Semicolon (;),,,
debug.csv.download.delimiter.comma,,"Comma (,)",,,
debug.csv.download.options,,Export options,,,
debug.csv.download.wrap,,Wrap cells containing delimiters with quotes,,,
compare.tip,,"Select releases to compare below. Base is the starting point of the comparison, and target is the release that will be compared to the base.",,,
compare.base,,Select base release,,,
compare.target,,Select target release,,,
compare.dialog.title,,Comparing releases {base} and {target},,,
compare.dialog.line,,Inline,,,
compare.dialog.side,,Side-by-side,,,
menu.feedbackAllTasks,,All feedback,All feedback,All feedback,
feedback.all,,All feedback,All feedback,All feedback,
feedback.none,,No feedback available,No feedback available,No feedback available,
feedback.search,,Search,Search,Search,
feedback.search.placeholder,,"Feedback, process, or task id","Feedback, process, or task id","Feedback, process, or task id",
feedback.search.filter.category,,Filter by category,Filter by category,Filter by category,
feedback.search.filter.subCategory,,Filter by sub-category,Filter by sub-category,Filter by sub-category,
feedback.filter.selectNone,,None,None,None,
queues.all,,Queues,,,
consumers.all,,Consumers,,,
queue.config.appId,,App id,,,
queue.config.none,,Loading,,,
queue.config.consumerName,,Consumer name,,,
queue.config.routingKey,,Routing key,,,
queue.config.consumerStatus,,Status,,,
queue.config.comment,,Comment,,,
queue.config.consumerId,,Id,,,
queue.config.qualifiedJavaName,,Tech name,,,
queue.config.queueName,,Queue name,,,
queue.config.createdAt,,Created at,,,
queue.config.createdBy,,Created by,,,
queue.all_deliveries.title,,All deliveries,,,
queue.all_deliveries.created,,Created,,,
queue.all_deliveries.consumerComment,,Comment,,,
queue.all_deliveries.status,,Status,,,
queue.all_deliveries.messageId,,Message id,,,
queue.all_deliveries.consumerId,,Consumer id,,,
queue.all_messages.title,,All messages,,,
queue.all_messages.routingKey,,Routing key,,,
queue.all_messages.messageId,,Message id,,,
queue.all_messages.bodyId,,Body id,,,
queue.all_messages.bodyType,,Body type,,,
queue.all_messages.status,,Status,,,
queue.all_messages.body,,Body,,,
queue.all_messages.created,,Created,,,
menu.messages,,Messages,,,
menu.deliveries,,Deliveries,,,
toolbar.preview,,,Live-esikatselu,,
workflow.edit.title,,,Muokkaa työnkulkua,,
workflow.create,,,Luo työnkulku,,
button.view.all.articles,,,Näytä kaikki artikkelit,,
button.view.all.pages,,,Näytä kaikki sivut,,
button.view.all.links,,,Näytä kaikki linkit,,
button.view.all.workflows,,,Näytä kaikki työnkulut,,
workflows,,,Työnkulku,,
associations.add,,,Yhdistä artikkeliin,,
explorer.pages,,,Sivut,,
explorer.pages.create,,,Luo sivu,,
explorer.pages.dualview,,,Kaksoisnäkymä,,
explorer.locale.empty,,,Ei sijainteja,,
articles.message,,,Suurenna rivejä tarkastellaksesi artikkeleihin yhdistettyjä sivuja ja muokkaa näitä yhteyksiä,,
articles.searchAll,,Search all articles,,
article.deletepage.title,,,Poista tämä sivu?,,
article.deletepage,,,Sivun poistaminen poistaa sen lopullisesti koko sovelluksesta.,,
article.options,,,Artikkelivalinnat,,
article.addlink,,,Lisää tämä linkki artikkeliin,,
article.links.addremove,,,Lisää ja poista artikkelilinkkejä,,
article.links,,,Artikkelilinkit,,
article.links.sitelinks,,,Sivustolinkit,,
article.links.remove,,,Irrota/poista linkkiyhteys tähän artikkeliin,,
article.workflows.addremove,,,Lisää ja poista artikkelien työnkulkuja,,
article.workflows,,,Artikkelien työnkulut,,
article.workflows.add,,,Yhdistä tämä työnkulku tähän artikkeliin,,
article.workflows.remove,,,Poista tämän työnkulun yhteys tähän artikkeliin,,
article.workflows.siteworkflows,,,Site workflows,,
button.view,,,Katsele,,
button.addremove,,,Lisää/Irrota,,
composer.article.title,,,Artikkeli,,
composer.article.desc,,,"Ryhmä yhdistettyjä sivuja, linkkejä, työnkulkuja ja sijainteja",,
composer.locale.title,,,Sijainti,,
composer.locale.desc,,,"Lisää, aktivoi ja deaktivoi sisällön kieliä globaalisti",,
composer.page.title,,,Sivu,,
composer.page.desc,,,"Tiedosto, joka edustaa yhtä kieltä ja siihen yhdistettyjä linkkejä ja työnkulkuja artikkelin sisällä",,
composer.link.title,,,Linkki,,
composer.link.desc,,,Sisäiset linkit yhdistävät sisältöön domainin sisällä ja ulkoiset linkit yhdistävät sisältöön domainin ulkopuolella,,
composer.workflow.title,,,Työnkulku,,
composer.workflow.desc,,,Yhdistä lomakkeet ja prosessit,,
composer.release.title,,,Julkaise,,
composer.release.desc,,,Luo kuva sivun kaikesta sisällöstä tietyssä tilassa testaamis- ja tuotantotarkoituksiin,,
toolbar.dashboard,,,Hallintatyökalu,,
dashboard.view.helper,,,"Katsele, muokkaa ja poista sisältöjä",,
link.associate.title,,,Yhdistä linkki artikkeliin,,
link.options.edit,,,Muokkaa artikkelin linkkejä,,
link.options.remove,,,Irrota linkit artikkelista,,
resource.options,,,Resurssivalinnat,,
resource.edit.workflows,,,Lisää ja poista artikkelityönkulkuja,,
workflow.associate.title,,,Yhdistä työnkulku artikkeliin,,
workflow.composer.title,,,Lisää työnkulku,,
workflow.composer.name,,,Paikannettu nimi,,
workflow.technicalname,,,Tekninen nimi,,
workflow.composer.select,,,Valitse olemassaoleva työnkulku,,
workflow.composer.helper,,,Käyttäjille näytettävä nimi,,
workflow.composer.placeholder,,,Lupahakemus,,
workflow.delete.title,,,Poista tämä työnkulku pyvyvästi?,,
workflow.delete,,,Työnkulun poistaminen poistaa sen koko sovelluksesta.,,
workflow.removepage.title,,,Irrota tämä työnkulku?,,
workflow.removepage,,,"Työnkulun irrottaminen poistaa vain sen yhteyden tähän artikkeliin. Poistaaksesi kohteen kokonaan/pysyvästi, valitse \Poista\"".""",,
workflow.options,,,Työnkulun valinnat,,
workflow.add,,,Lisää työnkulku,,
workflow.edit,,,Muokkaa työnkulkua,,
workflow.remove,,,Irrota työnkulku,,
toolbar.articles,,,Artikkeliyhteenveto,,
toolbar.newarticle,,,Luo uusi artikkeli,,
toolbar.newlocale,,,Lisää uusi sijainti,,
toolbar.explorer,,,Explorer,,
toolbar.links,,,Linkkiyhteenveto,,
toolbar.workflows,,,Työnkulkuyhteenveto,,
toolbar.releases,,,Julkaisut,,
toolbar.locales,,,Sijainnit,,